{
    "max_words": 10000,
    "max_len": 105,
    "embedding_dim": 128,
    "test_accuracy": 0.909608006477356,
    "test_loss": 0.2259906828403473,
    "roc_auc": 0.9712453146479499,
    "seed": 42
}